1000000	1483337934263	10001	启动	{}	20170102
1000000	1483358832113	10001	启动	{}	20170102
1000000	1483306435395	10003	搜索商品	{"content": "watch", "page_num": 5}	20170102
1000000	1483340571826	10002	登陆	{}	20170102
1000000	1483370723847	10004	浏览商品	{"brand": "Apple", "price": 1000}	20170102
1000002	1483337847789	10006	加入购物车	{}	20170102
1000002	1483314869212	10001	启动	{}	20170102
1000002	1483329464174	10004	浏览商品	{"brand": "LianX", "price": 7000}	20170102
1000002	1483309387877	10007	生成订单	{"price_all": 7000}	20170102
1000002	1483348654085	10001	启动	{}	20170102
1000003	1483344408933	10007	生成订单	{"price_all": 7000}	20170102
1000003	1483356981763	10004	浏览商品	{"brand": "Hair", "price": 9000}	20170102
1000003	1483299635675	10004	浏览商品	{"brand": "LianX", "price": 4500}	20170102
1000003	1483369069441	10006	加入购物车	{}	20170102
1000003	1483350921448	10002	登陆	{}	20170102
1000004	1483332671888	10002	登陆	{}	20170102
1000004	1483347234822	10007	生成订单	{"price_all": 3500}	20170102
1000004	1483315739918	10001	启动	{}	20170102
1000004	1483369043498	10006	加入购物车	{}	20170102
1000004	1483323932934	10007	生成订单	{"price_all": 4000}	20170102
1000005	1483357110898	10002	登陆	{}	20170102
1000005	1483296342009	10010	退订商品	{}	20170102
1000005	1483366575041	10008	订单付款	{}	20170102
1000005	1483288985843	10005	收藏商品	{}	20170102
1000005	1483300346954	10010	退订商品	{}	20170102
1000007	1483363273669	10003	搜索商品	{"content": "computer", "page_num": 2}	20170102
1000007	1483326263904	10001	启动	{}	20170102
1000007	1483352602929	10002	登陆	{}	20170102
1000007	1483318460919	10008	订单付款	{}	20170102
1000007	1483338070069	10006	加入购物车	{}	20170102
1000011	1483350542576	10003	搜索商品	{"content": "Apple", "page_num": 4}	20170102
1000011	1483294425357	10004	浏览商品	{"brand": "LianX", "price": 8500}	20170102
1000011	1483340081273	10003	搜索商品	{"content": "computer", "page_num": 3}	20170102
1000011	1483297006693	10009	评价商品	{"how": 1}	20170102
1000011	1483304785865	10009	评价商品	{"how": -1}	20170102
1000015	1483350893512	10006	加入购物车	{}	20170102
1000015	1483357701281	10008	订单付款	{}	20170102
1000015	1483287306933	10002	登陆	{}	20170102
1000015	1483340019826	10009	评价商品	{"how": 1}	20170102
1000015	1483362510227	10008	订单付款	{}	20170102
1000017	1483337793301	10005	收藏商品	{}	20170102
1000017	1483295042977	10006	加入购物车	{}	20170102
1000017	1483323452442	10007	生成订单	{"price_all": 4500}	20170102
1000017	1483312374622	10006	加入购物车	{}	20170102
1000017	1483327873724	10001	启动	{}	20170102
1000018	1483338717501	10004	浏览商品	{"brand": "Apple", "price": 4500}	20170102
1000018	1483369638061	10001	启动	{}	20170102
1000018	1483299110056	10005	收藏商品	{}	20170102
1000018	1483302123840	10001	启动	{}	20170102
1000018	1483343698980	10002	登陆	{}	20170102
1000019	1483354906340	10001	启动	{}	20170102
1000019	1483348099701	10010	退订商品	{}	20170102
1000019	1483347155763	10007	生成订单	{"price_all": 8500}	20170102
1000019	1483309721284	10006	加入购物车	{}	20170102
1000019	1483356791623	10002	登陆	{}	20170102
1000020	1483347228882	10001	启动	{}	20170102
1000020	1483342621101	10003	搜索商品	{"content": "phone", "page_num": 3}	20170102
1000020	1483321805666	10005	收藏商品	{}	20170102
1000020	1483293236043	10003	搜索商品	{"content": "computer", "page_num": 1}	20170102
1000020	1483365465660	10001	启动	{}	20170102
1000022	1483318189162	10009	评价商品	{"how": 0}	20170102
1000022	1483370029142	10005	收藏商品	{}	20170102
1000022	1483288376349	10004	浏览商品	{"brand": "HuaW", "price": 4500}	20170102
1000022	1483353138067	10001	启动	{}	20170102
1000022	1483357920274	10001	启动	{}	20170102
1000024	1483348602931	10008	订单付款	{}	20170102
1000024	1483351355912	10005	收藏商品	{}	20170102
1000024	1483312673686	10001	启动	{}	20170102
1000024	1483363821427	10002	登陆	{}	20170102
1000024	1483356498666	10009	评价商品	{"how": 0}	20170102
1000027	1483372206771	10004	浏览商品	{"brand": "Hair", "price": 9000}	20170102
1000027	1483302516737	10003	搜索商品	{"content": "Apple", "page_num": 3}	20170102
1000027	1483346633859	10004	浏览商品	{"brand": "HuaW", "price": 3500}	20170102
1000027	1483302793926	10002	登陆	{}	20170102
1000027	1483352561781	10002	登陆	{}	20170102
1000030	1483342717313	10004	浏览商品	{"brand": "LianX", "price": 6000}	20170102
1000030	1483328769221	10005	收藏商品	{}	20170102
1000030	1483337570597	10006	加入购物车	{}	20170102
1000030	1483354864532	10008	订单付款	{}	20170102
1000030	1483289803250	10003	搜索商品	{"content": "watch", "page_num": 1}	20170102
1000032	1483354202695	10001	启动	{}	20170102
1000032	1483362340262	10006	加入购物车	{}	20170102
1000032	1483304697760	10006	加入购物车	{}	20170102
1000032	1483299811012	10002	登陆	{}	20170102
1000032	1483372642276	10002	登陆	{}	20170102
1000034	1483350026189	10004	浏览商品	{"brand": "HuaW", "price": 1000}	20170102
1000034	1483325370870	10006	加入购物车	{}	20170102
1000034	1483295850520	10009	评价商品	{"how": 0}	20170102
1000034	1483364583896	10007	生成订单	{"price_all": 6000}	20170102
1000034	1483347821230	10002	登陆	{}	20170102
1000036	1483327657212	10001	启动	{}	20170102
1000036	1483366770166	10005	收藏商品	{}	20170102
1000036	1483351345101	10003	搜索商品	{"content": "computer", "page_num": 2}	20170102
1000036	1483324292671	10002	登陆	{}	20170102
1000036	1483335247899	10002	登陆	{}	20170102
1000038	1483310421135	10005	收藏商品	{}	20170102
1000038	1483346490404	10004	浏览商品	{"brand": "LianX", "price": 5000}	20170102
1000038	1483355906339	10010	退订商品	{}	20170102
1000038	1483293483885	10003	搜索商品	{"content": "computer", "page_num": 1}	20170102
1000038	1483291334460	10010	退订商品	{}	20170102
1000040	1483340341593	10001	启动	{}	20170102
1000040	1483311477608	10001	启动	{}	20170102
1000040	1483348469356	10001	启动	{}	20170102
1000040	1483301191838	10005	收藏商品	{}	20170102
1000040	1483297513559	10008	订单付款	{}	20170102
1000042	1483300513995	10004	浏览商品	{"brand": "Hair", "price": 5500}	20170102
1000042	1483324721204	10008	订单付款	{}	20170102
1000042	1483288712054	10010	退订商品	{}	20170102
1000042	1483308221029	10002	登陆	{}	20170102
1000042	1483314454201	10001	启动	{}	20170102
1000045	1483300232473	10004	浏览商品	{"brand": "Apple", "price": 4000}	20170102
1000045	1483330791848	10003	搜索商品	{"content": "watch", "page_num": 5}	20170102
1000045	1483303314757	10004	浏览商品	{"brand": "Apple", "price": 6000}	20170102
1000045	1483302187274	10004	浏览商品	{"brand": "Apple", "price": 1500}	20170102
1000045	1483309378918	10005	收藏商品	{}	20170102
1000046	1483330124620	10002	登陆	{}	20170102
1000046	1483290113394	10006	加入购物车	{}	20170102
1000046	1483309756927	10008	订单付款	{}	20170102
1000046	1483365168356	10003	搜索商品	{"content": "Apple", "page_num": 2}	20170102
1000046	1483286751625	10005	收藏商品	{}	20170102
1000047	1483295226101	10008	订单付款	{}	20170102
1000047	1483367848420	10003	搜索商品	{"content": "computer", "page_num": 5}	20170102
1000047	1483312187767	10006	加入购物车	{}	20170102
1000047	1483319463290	10004	浏览商品	{"brand": "Apple", "price": 3500}	20170102
1000047	1483327814597	10002	登陆	{}	20170102
1000048	1483356287162	10001	启动	{}	20170102
1000048	1483342854498	10008	订单付款	{}	20170102
1000048	1483331359804	10001	启动	{}	20170102
1000048	1483367934619	10002	登陆	{}	20170102
1000048	1483356216335	10003	搜索商品	{"content": "watch", "page_num": 4}	20170102
1000049	1483315081934	10001	启动	{}	20170102
1000049	1483302021093	10002	登陆	{}	20170102
1000049	1483295266948	10001	启动	{}	20170102
1000049	1483357032996	10005	收藏商品	{}	20170102
1000049	1483350818048	10002	登陆	{}	20170102
1000051	1483339616453	10003	搜索商品	{"content": "phone", "page_num": 2}	20170102
1000051	1483306342987	10001	启动	{}	20170102
1000051	1483326968302	10001	启动	{}	20170102
1000051	1483322454910	10001	启动	{}	20170102
1000051	1483352707213	10005	收藏商品	{}	20170102
1000052	1483294758896	10003	搜索商品	{"content": "phone", "page_num": 1}	20170102
1000052	1483327048666	10004	浏览商品	{"brand": "Hair", "price": 4500}	20170102
1000052	1483331160269	10003	搜索商品	{"content": "phone", "page_num": 5}	20170102
1000052	1483311828069	10008	订单付款	{}	20170102
1000052	1483335723953	10006	加入购物车	{}	20170102
1000053	1483341556170	10002	登陆	{}	20170102
1000053	1483315208369	10007	生成订单	{"price_all": 1000}	20170102
1000053	1483363691384	10001	启动	{}	20170102
1000053	1483297017598	10002	登陆	{}	20170102
1000053	1483286802892	10007	生成订单	{"price_all": 6500}	20170102
1000055	1483293213628	10006	加入购物车	{}	20170102
1000055	1483294273786	10008	订单付款	{}	20170102
1000055	1483368247739	10010	退订商品	{}	20170102
1000055	1483362851645	10007	生成订单	{"price_all": 2500}	20170102
1000055	1483356129026	10008	订单付款	{}	20170102
1000057	1483310644609	10002	登陆	{}	20170102
1000057	1483316794355	10003	搜索商品	{"content": "phone", "page_num": 2}	20170102
1000057	1483296458659	10003	搜索商品	{"content": "computer", "page_num": 2}	20170102
1000057	1483326750012	10004	浏览商品	{"brand": "Hair", "price": 8500}	20170102
1000057	1483290160816	10004	浏览商品	{"brand": "LianX", "price": 2000}	20170102
1000058	1483305937689	10004	浏览商品	{"brand": "HuaW", "price": 4000}	20170102
1000058	1483334849806	10008	订单付款	{}	20170102
1000058	1483315138914	10002	登陆	{}	20170102
1000058	1483324860051	10005	收藏商品	{}	20170102
1000058	1483290574595	10005	收藏商品	{}	20170102
1000059	1483310752780	10008	订单付款	{}	20170102
1000059	1483321291158	10005	收藏商品	{}	20170102
1000059	1483366734505	10004	浏览商品	{"brand": "Apple", "price": 3500}	20170102
1000059	1483325238473	10002	登陆	{}	20170102
1000059	1483349315523	10007	生成订单	{"price_all": 8500}	20170102
1000061	1483306105573	10001	启动	{}	20170102
1000061	1483337250389	10003	搜索商品	{"content": "computer", "page_num": 2}	20170102
1000061	1483293795215	10002	登陆	{}	20170102
1000061	1483338871127	10003	搜索商品	{"content": "computer", "page_num": 3}	20170102
1000061	1483300327150	10005	收藏商品	{}	20170102
1000062	1483316678197	10002	登陆	{}	20170102
1000062	1483337460151	10005	收藏商品	{}	20170102
1000062	1483303418409	10001	启动	{}	20170102
1000062	1483309645883	10002	登陆	{}	20170102
1000062	1483334031428	10001	启动	{}	20170102
1000064	1483300770987	10006	加入购物车	{}	20170102
1000064	1483338143657	10006	加入购物车	{}	20170102
1000064	1483307224044	10008	订单付款	{}	20170102
1000064	1483316179355	10001	启动	{}	20170102
1000064	1483316788640	10003	搜索商品	{"content": "Apple", "page_num": 2}	20170102
1000065	1483303206548	10003	搜索商品	{"content": "watch", "page_num": 1}	20170102
1000065	1483350186676	10004	浏览商品	{"brand": "LianX", "price": 4000}	20170102
1000065	1483314702672	10003	搜索商品	{"content": "Apple", "page_num": 4}	20170102
1000065	1483302458061	10002	登陆	{}	20170102
1000065	1483286596120	10009	评价商品	{"how": -1}	20170102
1000067	1483349264248	10002	登陆	{}	20170102
1000067	1483291958158	10009	评价商品	{"how": 0}	20170102
1000067	1483355391838	10001	启动	{}	20170102
1000067	1483296892565	10002	登陆	{}	20170102
1000067	1483328329523	10001	启动	{}	20170102
1000068	1483343383170	10003	搜索商品	{"content": "phone", "page_num": 5}	20170102
1000068	1483318992921	10007	生成订单	{"price_all": 9500}	20170102
1000068	1483306940290	10008	订单付款	{}	20170102
1000068	1483290963040	10002	登陆	{}	20170102
1000068	1483362030077	10004	浏览商品	{"brand": "Hair", "price": 8000}	20170102
1000075	1483364855191	10004	浏览商品	{"brand": "HuaW", "price": 8000}	20170102
1000075	1483290383238	10006	加入购物车	{}	20170102
1000075	1483296750639	10004	浏览商品	{"brand": "Apple", "price": 2500}	20170102
1000075	1483296559261	10008	订单付款	{}	20170102
1000075	1483367245660	10002	登陆	{}	20170102
1000078	1483369558158	10006	加入购物车	{}	20170102
1000078	1483305354528	10002	登陆	{}	20170102
1000078	1483368351534	10005	收藏商品	{}	20170102
1000078	1483295677100	10005	收藏商品	{}	20170102
1000078	1483295258357	10001	启动	{}	20170102
1000079	1483286809833	10004	浏览商品	{"brand": "LianX", "price": 6000}	20170102
1000079	1483290679896	10007	生成订单	{"price_all": 1500}	20170102
1000079	1483288998964	10002	登陆	{}	20170102
1000079	1483365536268	10006	加入购物车	{}	20170102
1000079	1483325852782	10002	登陆	{}	20170102
1000082	1483309349060	10001	启动	{}	20170102
1000082	1483356712110	10005	收藏商品	{}	20170102
1000082	1483320292588	10003	搜索商品	{"content": "Apple", "page_num": 4}	20170102
1000082	1483290347136	10007	生成订单	{"price_all": 5500}	20170102
1000082	1483350466922	10001	启动	{}	20170102
1000084	1483343433925	10001	启动	{}	20170102
1000084	1483337354490	10002	登陆	{}	20170102
1000084	1483359119866	10002	登陆	{}	20170102
1000084	1483346534033	10006	加入购物车	{}	20170102
1000084	1483294193067	10005	收藏商品	{}	20170102
1000085	1483309155117	10007	生成订单	{"price_all": 3500}	20170102
1000085	1483364844079	10008	订单付款	{}	20170102
1000085	1483320663595	10009	评价商品	{"how": -1}	20170102
1000085	1483372171162	10003	搜索商品	{"content": "watch", "page_num": 4}	20170102
1000085	1483345511083	10001	启动	{}	20170102
1000088	1483320173296	10002	登陆	{}	20170102
1000088	1483350053461	10002	登陆	{}	20170102
1000088	1483365358330	10005	收藏商品	{}	20170102
1000088	1483347467865	10003	搜索商品	{"content": "Apple", "page_num": 4}	20170102
1000088	1483370703529	10005	收藏商品	{}	20170102
1000090	1483306831109	10006	加入购物车	{}	20170102
1000090	1483327236168	10002	登陆	{}	20170102
1000090	1483325813962	10008	订单付款	{}	20170102
1000090	1483323570255	10008	订单付款	{}	20170102
1000090	1483317269588	10004	浏览商品	{"brand": "Hair", "price": 6500}	20170102
1000093	1483361452614	10007	生成订单	{"price_all": 7000}	20170102
1000093	1483345381057	10009	评价商品	{"how": -1}	20170102
1000093	1483363305260	10002	登陆	{}	20170102
1000093	1483322225218	10004	浏览商品	{"brand": "LianX", "price": 1000}	20170102
1000093	1483347789462	10001	启动	{}	20170102
1000094	1483308896441	10004	浏览商品	{"brand": "Apple", "price": 3000}	20170102
1000094	1483371586737	10005	收藏商品	{}	20170102
1000094	1483295190461	10003	搜索商品	{"content": "phone", "page_num": 1}	20170102
1000094	1483354690247	10008	订单付款	{}	20170102
1000094	1483304070835	10009	评价商品	{"how": -1}	20170102
1000095	1483301257449	10008	订单付款	{}	20170102
1000095	1483370157235	10004	浏览商品	{"brand": "Apple", "price": 7500}	20170102
1000095	1483287054254	10006	加入购物车	{}	20170102
1000095	1483360484860	10002	登陆	{}	20170102
1000095	1483299882927	10006	加入购物车	{}	20170102
1000097	1483370061378	10004	浏览商品	{"brand": "HuaW", "price": 1000}	20170102
1000097	1483324984933	10008	订单付款	{}	20170102
1000097	1483297404255	10004	浏览商品	{"brand": "Hair", "price": 4500}	20170102
1000097	1483353438934	10009	评价商品	{"how": -1}	20170102
1000097	1483361034311	10006	加入购物车	{}	20170102
1000098	1483350091142	10002	登陆	{}	20170102
1000098	1483316087769	10001	启动	{}	20170102
1000098	1483306204110	10009	评价商品	{"how": -1}	20170102
1000098	1483314818632	10004	浏览商品	{"brand": "LianX", "price": 4500}	20170102
1000098	1483333932322	10004	浏览商品	{"brand": "Hair", "price": 8000}	20170102
1000099	1483370763490	10002	登陆	{}	20170102
1000099	1483321948004	10006	加入购物车	{}	20170102
1000099	1483323290263	10006	加入购物车	{}	20170102
1000099	1483334333420	10004	浏览商品	{"brand": "HuaW", "price": 1000}	20170102
1000099	1483331307150	10005	收藏商品	{}	20170102
1000102	1483370504528	10010	退订商品	{}	20170102
1000102	1483360249665	10003	搜索商品	{"content": "watch", "page_num": 4}	20170102
1000102	1483290111755	10009	评价商品	{"how": 1}	20170102
1000102	1483311819320	10003	搜索商品	{"content": "Apple", "page_num": 1}	20170102
1000102	1483302327773	10002	登陆	{}	20170102
1000111	1483332204749	10001	启动	{}	20170102
1000111	1483372382770	10004	浏览商品	{"brand": "Apple", "price": 3000}	20170102
1000111	1483361614138	10001	启动	{}	20170102
1000111	1483293052740	10001	启动	{}	20170102
1000111	1483353045716	10003	搜索商品	{"content": "Apple", "page_num": 2}	20170102
1000112	1483324911774	10001	启动	{}	20170102
1000112	1483352620267	10001	启动	{}	20170102
1000112	1483292670325	10001	启动	{}	20170102
1000112	1483304417097	10004	浏览商品	{"brand": "Hair", "price": 1500}	20170102
1000112	1483343644132	10009	评价商品	{"how": 0}	20170102
1000113	1483345919660	10002	登陆	{}	20170102
1000113	1483348667906	10002	登陆	{}	20170102
1000113	1483318847723	10003	搜索商品	{"content": "Apple", "page_num": 4}	20170102
1000113	1483368526979	10001	启动	{}	20170102
1000113	1483312809457	10002	登陆	{}	20170102
1000115	1483297931579	10005	收藏商品	{}	20170102
1000115	1483371300499	10005	收藏商品	{}	20170102
1000115	1483355678178	10004	浏览商品	{"brand": "HuaW", "price": 5000}	20170102
1000115	1483317143263	10003	搜索商品	{"content": "computer", "page_num": 2}	20170102
1000115	1483296194903	10001	启动	{}	20170102
1000118	1483299515470	10002	登陆	{}	20170102
1000118	1483322233384	10001	启动	{}	20170102
1000118	1483328369034	10002	登陆	{}	20170102
1000118	1483301162995	10007	生成订单	{"price_all": 6500}	20170102
1000118	1483302864812	10003	搜索商品	{"content": "watch", "page_num": 2}	20170102
1000121	1483323808387	10001	启动	{}	20170102
1000121	1483329271372	10007	生成订单	{"price_all": 9000}	20170102
1000121	1483316905304	10006	加入购物车	{}	20170102
1000121	1483309286230	10001	启动	{}	20170102
1000121	1483359837695	10007	生成订单	{"price_all": 5500}	20170102
1000122	1483331539180	10009	评价商品	{"how": 0}	20170102
1000122	1483292363399	10005	收藏商品	{}	20170102
1000122	1483353644515	10002	登陆	{}	20170102
1000122	1483337905151	10002	登陆	{}	20170102
1000122	1483318448920	10008	订单付款	{}	20170102
1000124	1483347126632	10003	搜索商品	{"content": "Apple", "page_num": 3}	20170102
1000124	1483315096907	10003	搜索商品	{"content": "phone", "page_num": 4}	20170102
1000124	1483293760434	10001	启动	{}	20170102
1000124	1483335678848	10002	登陆	{}	20170102
1000124	1483299200998	10004	浏览商品	{"brand": "Apple", "price": 6500}	20170102
1000128	1483317286646	10009	评价商品	{"how": 1}	20170102
1000128	1483365571028	10006	加入购物车	{}	20170102
1000128	1483298707191	10001	启动	{}	20170102
1000128	1483323417853	10004	浏览商品	{"brand": "Apple", "price": 8000}	20170102
1000128	1483315570186	10005	收藏商品	{}	20170102
1000130	1483314182355	10003	搜索商品	{"content": "phone", "page_num": 1}	20170102
1000130	1483331064348	10004	浏览商品	{"brand": "Hair", "price": 5000}	20170102
1000130	1483359685861	10003	搜索商品	{"content": "computer", "page_num": 2}	20170102
1000130	1483296990997	10002	登陆	{}	20170102
1000130	1483286990913	10003	搜索商品	{"content": "phone", "page_num": 2}	20170102
1000132	1483339670115	10002	登陆	{}	20170102
1000132	1483293798655	10001	启动	{}	20170102
1000132	1483295927218	10003	搜索商品	{"content": "computer", "page_num": 4}	20170102
1000132	1483301651418	10002	登陆	{}	20170102
1000132	1483287849722	10010	退订商品	{}	20170102
1000134	1483368553293	10006	加入购物车	{}	20170102
1000134	1483294197952	10003	搜索商品	{"content": "Apple", "page_num": 4}	20170102
1000134	1483340361372	10006	加入购物车	{}	20170102
1000134	1483345868763	10009	评价商品	{"how": -1}	20170102
1000134	1483368368483	10007	生成订单	{"price_all": 7000}	20170102
1000135	1483362048382	10001	启动	{}	20170102
1000135	1483368921386	10003	搜索商品	{"content": "Apple", "page_num": 4}	20170102
1000135	1483331053422	10002	登陆	{}	20170102
1000135	1483297456263	10004	浏览商品	{"brand": "HuaW", "price": 6500}	20170102
1000135	1483334678618	10009	评价商品	{"how": -1}	20170102
1000136	1483337992305	10004	浏览商品	{"brand": "Apple", "price": 2000}	20170102
1000136	1483324319143	10001	启动	{}	20170102
1000136	1483289195160	10001	启动	{}	20170102
1000136	1483323002917	10004	浏览商品	{"brand": "HuaW", "price": 8000}	20170102
1000136	1483324039131	10003	搜索商品	{"content": "watch", "page_num": 4}	20170102
1000137	1483313070133	10010	退订商品	{}	20170102
1000137	1483347460860	10007	生成订单	{"price_all": 1000}	20170102
1000137	1483294355795	10004	浏览商品	{"brand": "LianX", "price": 3500}	20170102
1000137	1483289780224	10002	登陆	{}	20170102
1000137	1483357904162	10002	登陆	{}	20170102
1000139	1483355690005	10005	收藏商品	{}	20170102
1000139	1483364943148	10001	启动	{}	20170102
1000139	1483335049124	10004	浏览商品	{"brand": "Apple", "price": 7000}	20170102
1000139	1483352590598	10002	登陆	{}	20170102
1000139	1483302473292	10010	退订商品	{}	20170102
1000143	1483359725426	10003	搜索商品	{"content": "Apple", "page_num": 4}	20170102
1000143	1483292391906	10003	搜索商品	{"content": "phone", "page_num": 5}	20170102
1000143	1483307948411	10001	启动	{}	20170102
1000143	1483307096330	10007	生成订单	{"price_all": 9500}	20170102
1000143	1483315134269	10007	生成订单	{"price_all": 6000}	20170102
1000144	1483293724168	10006	加入购物车	{}	20170102
1000144	1483349909013	10003	搜索商品	{"content": "watch", "page_num": 5}	20170102
1000144	1483349098800	10007	生成订单	{"price_all": 7000}	20170102
1000144	1483313930074	10006	加入购物车	{}	20170102
1000144	1483310222998	10001	启动	{}	20170102
1000145	1483311711542	10004	浏览商品	{"brand": "HuaW", "price": 2500}	20170102
1000145	1483316939941	10002	登陆	{}	20170102
1000145	1483361144109	10006	加入购物车	{}	20170102
1000145	1483313624615	10001	启动	{}	20170102
1000145	1483353734407	10002	登陆	{}	20170102
1000146	1483368508045	10002	登陆	{}	20170102
1000146	1483359390816	10008	订单付款	{}	20170102
1000146	1483303921346	10001	启动	{}	20170102
1000146	1483363657295	10005	收藏商品	{}	20170102
1000146	1483295182735	10003	搜索商品	{"content": "watch", "page_num": 4}	20170102
1000147	1483370932064	10002	登陆	{}	20170102
1000147	1483342079969	10002	登陆	{}	20170102
1000147	1483316206360	10004	浏览商品	{"brand": "Hair", "price": 2500}	20170102
1000147	1483315346536	10002	登陆	{}	20170102
1000147	1483305479999	10003	搜索商品	{"content": "phone", "page_num": 4}	20170102
1000148	1483359916091	10006	加入购物车	{}	20170102
1000148	1483364721161	10006	加入购物车	{}	20170102
1000148	1483313769743	10003	搜索商品	{"content": "watch", "page_num": 5}	20170102
1000148	1483344094629	10003	搜索商品	{"content": "Apple", "page_num": 1}	20170102
1000148	1483336348406	10005	收藏商品	{}	20170102
1000150	1483314490781	10004	浏览商品	{"brand": "LianX", "price": 8500}	20170102
1000150	1483343057407	10007	生成订单	{"price_all": 4000}	20170102
1000150	1483351577585	10007	生成订单	{"price_all": 5500}	20170102
1000150	1483358695280	10005	收藏商品	{}	20170102
1000150	1483339085259	10004	浏览商品	{"brand": "HuaW", "price": 8000}	20170102
1000151	1483331318466	10005	收藏商品	{}	20170102
1000151	1483364552993	10003	搜索商品	{"content": "watch", "page_num": 4}	20170102
1000151	1483329998805	10002	登陆	{}	20170102
1000151	1483292746951	10002	登陆	{}	20170102
1000151	1483352197301	10002	登陆	{}	20170102
1000152	1483320197480	10006	加入购物车	{}	20170102
1000152	1483324460426	10007	生成订单	{"price_all": 3500}	20170102
1000152	1483288981723	10005	收藏商品	{}	20170102
1000152	1483305058646	10009	评价商品	{"how": -1}	20170102
1000152	1483288200110	10002	登陆	{}	20170102
1000153	1483291924210	10002	登陆	{}	20170102
1000153	1483352641416	10002	登陆	{}	20170102
1000153	1483301436138	10002	登陆	{}	20170102
1000153	1483347225036	10001	启动	{}	20170102
1000153	1483288955789	10005	收藏商品	{}	20170102
1000156	1483356965408	10002	登陆	{}	20170102
1000156	1483313087023	10010	退订商品	{}	20170102
1000156	1483305150532	10001	启动	{}	20170102
1000156	1483294325690	10009	评价商品	{"how": -1}	20170102
1000156	1483314779430	10006	加入购物车	{}	20170102
1000157	1483308512556	10006	加入购物车	{}	20170102
1000157	1483340864914	10004	浏览商品	{"brand": "HuaW", "price": 2500}	20170102
1000157	1483307947152	10006	加入购物车	{}	20170102
1000157	1483345067533	10002	登陆	{}	20170102
1000157	1483305574546	10002	登陆	{}	20170102
1000158	1483325465146	10002	登陆	{}	20170102
1000158	1483289136933	10004	浏览商品	{"brand": "Apple", "price": 2000}	20170102
1000158	1483302459338	10009	评价商品	{"how": -1}	20170102
1000158	1483361835585	10001	启动	{}	20170102
1000158	1483353996598	10008	订单付款	{}	20170102
1000159	1483349335497	10001	启动	{}	20170102
1000159	1483307118672	10004	浏览商品	{"brand": "LianX", "price": 7500}	20170102
1000159	1483307572797	10005	收藏商品	{}	20170102
1000159	1483331982845	10004	浏览商品	{"brand": "Hair", "price": 8500}	20170102
1000159	1483318781913	10001	启动	{}	20170102
1000161	1483362908822	10004	浏览商品	{"brand": "Hair", "price": 2500}	20170102
1000161	1483293410421	10001	启动	{}	20170102
1000161	1483343727329	10002	登陆	{}	20170102
1000161	1483354560077	10007	生成订单	{"price_all": 6500}	20170102
1000161	1483295356298	10003	搜索商品	{"content": "Apple", "page_num": 4}	20170102
1000162	1483295979508	10004	浏览商品	{"brand": "Hair", "price": 4000}	20170102
1000162	1483339198129	10007	生成订单	{"price_all": 3500}	20170102
1000162	1483312976246	10005	收藏商品	{}	20170102
1000162	1483332640262	10001	启动	{}	20170102
1000162	1483357648545	10003	搜索商品	{"content": "watch", "page_num": 1}	20170102
1000163	1483311321588	10001	启动	{}	20170102
1000163	1483302349045	10002	登陆	{}	20170102
1000163	1483351083547	10004	浏览商品	{"brand": "HuaW", "price": 6000}	20170102
1000163	1483332465865	10005	收藏商品	{}	20170102
1000163	1483291833971	10002	登陆	{}	20170102
1000166	1483309864809	10005	收藏商品	{}	20170102
1000166	1483310805275	10003	搜索商品	{"content": "watch", "page_num": 2}	20170102
1000166	1483308475699	10001	启动	{}	20170102
1000166	1483367041188	10003	搜索商品	{"content": "Apple", "page_num": 1}	20170102
1000166	1483340141452	10008	订单付款	{}	20170102
1000168	1483345682197	10001	启动	{}	20170102
1000168	1483332477639	10008	订单付款	{}	20170102
1000168	1483370146870	10004	浏览商品	{"brand": "Hair", "price": 4500}	20170102
1000168	1483337834948	10004	浏览商品	{"brand": "HuaW", "price": 8000}	20170102
1000168	1483359451998	10006	加入购物车	{}	20170102
1000170	1483312166688	10001	启动	{}	20170102
1000170	1483320160034	10002	登陆	{}	20170102
1000170	1483299413700	10005	收藏商品	{}	20170102
1000170	1483326727345	10002	登陆	{}	20170102
1000170	1483369898922	10003	搜索商品	{"content": "watch", "page_num": 5}	20170102
1000172	1483295878880	10002	登陆	{}	20170102
1000172	1483318807036	10010	退订商品	{}	20170102
1000172	1483292506780	10001	启动	{}	20170102
1000172	1483318903868	10007	生成订单	{"price_all": 1000}	20170102
1000172	1483331664920	10002	登陆	{}	20170102
1000175	1483286597334	10003	搜索商品	{"content": "phone", "page_num": 5}	20170102
1000175	1483297449415	10001	启动	{}	20170102
1000175	1483303778864	10004	浏览商品	{"brand": "Hair", "price": 7000}	20170102
1000175	1483370027784	10004	浏览商品	{"brand": "LianX", "price": 2500}	20170102
1000175	1483296482180	10001	启动	{}	20170102
1000178	1483342799429	10004	浏览商品	{"brand": "LianX", "price": 4500}	20170102
1000178	1483368624427	10005	收藏商品	{}	20170102
1000178	1483344333281	10004	浏览商品	{"brand": "LianX", "price": 5000}	20170102
1000178	1483364253202	10002	登陆	{}	20170102
1000178	1483302836998	10003	搜索商品	{"content": "phone", "page_num": 3}	20170102
1000183	1483324180186	10002	登陆	{}	20170102
1000183	1483347461149	10001	启动	{}	20170102
1000183	1483367862842	10008	订单付款	{}	20170102
1000183	1483302466186	10005	收藏商品	{}	20170102
1000183	1483307463246	10007	生成订单	{"price_all": 7000}	20170102
1000184	1483361214474	10001	启动	{}	20170102
1000184	1483331158251	10002	登陆	{}	20170102
1000184	1483354331900	10007	生成订单	{"price_all": 5500}	20170102
1000184	1483345381810	10004	浏览商品	{"brand": "Hair", "price": 9500}	20170102
1000184	1483307266317	10004	浏览商品	{"brand": "Apple", "price": 1500}	20170102
1000185	1483303948830	10002	登陆	{}	20170102
1000185	1483362982849	10007	生成订单	{"price_all": 1500}	20170102
1000185	1483310625360	10006	加入购物车	{}	20170102
1000185	1483371912410	10004	浏览商品	{"brand": "LianX", "price": 9000}	20170102
1000185	1483345653759	10006	加入购物车	{}	20170102
1000186	1483371686765	10002	登陆	{}	20170102
1000186	1483291630598	10001	启动	{}	20170102
1000186	1483316292757	10003	搜索商品	{"content": "watch", "page_num": 4}	20170102
1000186	1483319898165	10006	加入购物车	{}	20170102
1000186	1483298163082	10002	登陆	{}	20170102
1000193	1483300773617	10005	收藏商品	{}	20170102
1000193	1483327878667	10006	加入购物车	{}	20170102
1000193	1483359976307	10003	搜索商品	{"content": "computer", "page_num": 4}	20170102
1000193	1483331232117	10001	启动	{}	20170102
1000193	1483366129362	10002	登陆	{}	20170102
1000194	1483366710868	10007	生成订单	{"price_all": 4000}	20170102
1000194	1483298990851	10002	登陆	{}	20170102
1000194	1483343229599	10004	浏览商品	{"brand": "Apple", "price": 2500}	20170102
1000194	1483317108607	10001	启动	{}	20170102
1000194	1483322845291	10004	浏览商品	{"brand": "LianX", "price": 3500}	20170102
1000195	1483367325194	10002	登陆	{}	20170102
1000195	1483350948613	10001	启动	{}	20170102
1000195	1483309136597	10002	登陆	{}	20170102
1000195	1483294590624	10002	登陆	{}	20170102
1000195	1483303804373	10007	生成订单	{"price_all": 5000}	20170102
1000197	1483341356448	10001	启动	{}	20170102
1000197	1483357159919	10009	评价商品	{"how": -1}	20170102
1000197	1483288854120	10008	订单付款	{}	20170102
1000197	1483333855343	10001	启动	{}	20170102
1000197	1483290267927	10001	启动	{}	20170102
1000198	1483350766164	10001	启动	{}	20170102
1000198	1483343731219	10004	浏览商品	{"brand": "LianX", "price": 9500}	20170102
1000198	1483343908322	10001	启动	{}	20170102
1000198	1483307903160	10005	收藏商品	{}	20170102
1000198	1483359080962	10004	浏览商品	{"brand": "Apple", "price": 7000}	20170102
1000200	1483314602564	10004	浏览商品	{"brand": "LianX", "price": 7500}	20170102
1000200	1483320325092	10001	启动	{}	20170102
1000200	1483304855943	10002	登陆	{}	20170102
1000200	1483305980079	10005	收藏商品	{}	20170102
1000200	1483361734791	10007	生成订单	{"price_all": 9000}	20170102
1000202	1483369861914	10003	搜索商品	{"content": "watch", "page_num": 1}	20170102
1000202	1483332021209	10002	登陆	{}	20170102
1000202	1483356206786	10007	生成订单	{"price_all": 1000}	20170102
1000202	1483351206437	10007	生成订单	{"price_all": 2500}	20170102
1000202	1483294848392	10002	登陆	{}	20170102
1000206	1483352755361	10006	加入购物车	{}	20170102
1000206	1483363257279	10004	浏览商品	{"brand": "LianX", "price": 9000}	20170102
1000206	1483292949740	10004	浏览商品	{"brand": "LianX", "price": 3500}	20170102
1000206	1483355168447	10007	生成订单	{"price_all": 7500}	20170102
1000206	1483336631636	10003	搜索商品	{"content": "computer", "page_num": 5}	20170102
1000209	1483333290169	10002	登陆	{}	20170102
1000209	1483356790262	10003	搜索商品	{"content": "computer", "page_num": 3}	20170102
1000209	1483301933713	10001	启动	{}	20170102
1000209	1483295747777	10003	搜索商品	{"content": "phone", "page_num": 1}	20170102
1000209	1483335224733	10010	退订商品	{}	20170102
1000213	1483354202540	10002	登陆	{}	20170102
1000213	1483358037630	10008	订单付款	{}	20170102
1000213	1483292158503	10001	启动	{}	20170102
1000213	1483366335357	10006	加入购物车	{}	20170102
1000213	1483314204807	10004	浏览商品	{"brand": "Apple", "price": 4500}	20170102
1000214	1483295695239	10009	评价商品	{"how": 1}	20170102
1000214	1483318334717	10004	浏览商品	{"brand": "HuaW", "price": 4500}	20170102
1000214	1483333982350	10007	生成订单	{"price_all": 1500}	20170102
1000214	1483308467568	10002	登陆	{}	20170102
1000214	1483298133004	10001	启动	{}	20170102
1000215	1483324133516	10006	加入购物车	{}	20170102
1000215	1483298850847	10008	订单付款	{}	20170102
1000215	1483345350758	10010	退订商品	{}	20170102
1000215	1483300116496	10003	搜索商品	{"content": "phone", "page_num": 5}	20170102
1000215	1483331347115	10006	加入购物车	{}	20170102
1000216	1483312144129	10006	加入购物车	{}	20170102
1000216	1483324781319	10009	评价商品	{"how": -1}	20170102
1000216	1483308272304	10002	登陆	{}	20170102
1000216	1483320858798	10003	搜索商品	{"content": "watch", "page_num": 2}	20170102
1000216	1483365504084	10004	浏览商品	{"brand": "Apple", "price": 2500}	20170102
1000217	1483310710406	10005	收藏商品	{}	20170102
1000217	1483287580531	10003	搜索商品	{"content": "computer", "page_num": 4}	20170102
1000217	1483314717808	10001	启动	{}	20170102
1000217	1483305240944	10008	订单付款	{}	20170102
1000217	1483305645801	10009	评价商品	{"how": -1}	20170102
1000218	1483349734157	10008	订单付款	{}	20170102
1000218	1483362328230	10004	浏览商品	{"brand": "Apple", "price": 9500}	20170102
1000218	1483361100345	10005	收藏商品	{}	20170102
1000218	1483327687078	10001	启动	{}	20170102
1000218	1483325939355	10002	登陆	{}	20170102
1000219	1483320432949	10001	启动	{}	20170102
1000219	1483362100010	10004	浏览商品	{"brand": "Apple", "price": 7000}	20170102
1000219	1483297838058	10002	登陆	{}	20170102
1000219	1483292207332	10001	启动	{}	20170102
1000219	1483288911710	10004	浏览商品	{"brand": "HuaW", "price": 3500}	20170102
1000220	1483290465545	10002	登陆	{}	20170102
1000220	1483300199907	10002	登陆	{}	20170102
1000220	1483321345275	10004	浏览商品	{"brand": "Apple", "price": 6000}	20170102
1000220	1483345747314	10002	登陆	{}	20170102
1000220	1483333679961	10001	启动	{}	20170102
1000221	1483310501937	10005	收藏商品	{}	20170102
1000221	1483366602991	10004	浏览商品	{"brand": "Hair", "price": 3500}	20170102
1000221	1483370430881	10004	浏览商品	{"brand": "HuaW", "price": 3000}	20170102
1000221	1483303775340	10001	启动	{}	20170102
1000221	1483338334633	10003	搜索商品	{"content": "phone", "page_num": 2}	20170102
1000222	1483369862814	10001	启动	{}	20170102
1000222	1483306448987	10005	收藏商品	{}	20170102
1000222	1483369800071	10002	登陆	{}	20170102
1000222	1483372488729	10007	生成订单	{"price_all": 4000}	20170102
1000222	1483330395500	10007	生成订单	{"price_all": 2000}	20170102
1000224	1483294204986	10001	启动	{}	20170102
1000224	1483350105409	10007	生成订单	{"price_all": 3000}	20170102
1000224	1483351605023	10003	搜索商品	{"content": "Apple", "page_num": 3}	20170102
1000224	1483343262917	10005	收藏商品	{}	20170102
1000224	1483344257973	10001	启动	{}	20170102
1000225	1483292051056	10003	搜索商品	{"content": "watch", "page_num": 2}	20170102
1000225	1483361642188	10008	订单付款	{}	20170102
1000225	1483300898964	10004	浏览商品	{"brand": "HuaW", "price": 3500}	20170102
1000225	1483323365793	10001	启动	{}	20170102
1000225	1483358114938	10003	搜索商品	{"content": "computer", "page_num": 3}	20170102
1000229	1483325437835	10003	搜索商品	{"content": "phone", "page_num": 5}	20170102
1000229	1483337026166	10001	启动	{}	20170102
1000229	1483363445929	10003	搜索商品	{"content": "Apple", "page_num": 5}	20170102
1000229	1483321758809	10002	登陆	{}	20170102
1000229	1483353344223	10007	生成订单	{"price_all": 3000}	20170102
1000230	1483289230755	10001	启动	{}	20170102
1000230	1483295238776	10006	加入购物车	{}	20170102
1000230	1483349514778	10001	启动	{}	20170102
1000230	1483311796791	10003	搜索商品	{"content": "watch", "page_num": 3}	20170102
1000230	1483342358828	10001	启动	{}	20170102
1000235	1483341216216	10006	加入购物车	{}	20170102
1000235	1483330865196	10005	收藏商品	{}	20170102
1000235	1483345284907	10002	登陆	{}	20170102
1000235	1483313367123	10005	收藏商品	{}	20170102
1000235	1483353618151	10007	生成订单	{"price_all": 3000}	20170102
1000249	1483289323029	10003	搜索商品	{"content": "phone", "page_num": 3}	20170102
1000249	1483355400279	10004	浏览商品	{"brand": "Apple", "price": 2500}	20170102
1000249	1483350262124	10004	浏览商品	{"brand": "Hair", "price": 8000}	20170102
1000249	1483295361615	10006	加入购物车	{}	20170102
1000249	1483290575069	10002	登陆	{}	20170102
1000250	1483331737280	10005	收藏商品	{}	20170102
1000250	1483303212207	10007	生成订单	{"price_all": 6000}	20170102
1000250	1483357789115	10005	收藏商品	{}	20170102
1000250	1483313387650	10010	退订商品	{}	20170102
1000250	1483363501135	10006	加入购物车	{}	20170102
1000251	1483372166520	10001	启动	{}	20170102
1000251	1483368975097	10002	登陆	{}	20170102
1000251	1483303153341	10007	生成订单	{"price_all": 7500}	20170102
1000251	1483321078564	10005	收藏商品	{}	20170102
1000251	1483290007545	10001	启动	{}	20170102
1000254	1483346066682	10001	启动	{}	20170102
1000254	1483351266383	10005	收藏商品	{}	20170102
1000254	1483349303085	10004	浏览商品	{"brand": "LianX", "price": 5000}	20170102
1000254	1483354234981	10001	启动	{}	20170102
1000254	1483306321644	10001	启动	{}	20170102
1000255	1483334884766	10003	搜索商品	{"content": "phone", "page_num": 4}	20170102
1000255	1483357708082	10001	启动	{}	20170102
1000255	1483290056484	10005	收藏商品	{}	20170102
1000255	1483325419337	10001	启动	{}	20170102
1000255	1483332975867	10007	生成订单	{"price_all": 3000}	20170102
1000263	1483356756842	10001	启动	{}	20170102
1000263	1483297662881	10001	启动	{}	20170102
1000263	1483349906212	10003	搜索商品	{"content": "Apple", "page_num": 3}	20170102
1000263	1483314682354	10003	搜索商品	{"content": "Apple", "page_num": 2}	20170102
1000263	1483335849109	10001	启动	{}	20170102
1000267	1483358014457	10002	登陆	{}	20170102
1000267	1483335930641	10002	登陆	{}	20170102
1000267	1483298637066	10001	启动	{}	20170102
1000267	1483353259791	10001	启动	{}	20170102
1000267	1483292971569	10003	搜索商品	{"content": "watch", "page_num": 3}	20170102
1000268	1483328962061	10003	搜索商品	{"content": "watch", "page_num": 1}	20170102
1000268	1483341990086	10004	浏览商品	{"brand": "Apple", "price": 4500}	20170102
1000268	1483300721952	10001	启动	{}	20170102
1000268	1483369810763	10003	搜索商品	{"content": "Apple", "page_num": 4}	20170102
1000268	1483293070505	10003	搜索商品	{"content": "phone", "page_num": 2}	20170102
1000269	1483362719854	10002	登陆	{}	20170102
1000269	1483291573600	10001	启动	{}	20170102
1000269	1483333673949	10003	搜索商品	{"content": "phone", "page_num": 3}	20170102
1000269	1483342408353	10006	加入购物车	{}	20170102
1000269	1483335695958	10007	生成订单	{"price_all": 6000}	20170102
1000273	1483311849882	10002	登陆	{}	20170102
1000273	1483361645597	10002	登陆	{}	20170102
1000273	1483310244074	10003	搜索商品	{"content": "phone", "page_num": 3}	20170102
1000273	1483352437943	10003	搜索商品	{"content": "watch", "page_num": 1}	20170102
1000273	1483305147065	10007	生成订单	{"price_all": 7500}	20170102
1000274	1483300980380	10004	浏览商品	{"brand": "HuaW", "price": 6000}	20170102
1000274	1483299962185	10003	搜索商品	{"content": "watch", "page_num": 3}	20170102
1000274	1483345449147	10002	登陆	{}	20170102
1000274	1483321875537	10004	浏览商品	{"brand": "LianX", "price": 1500}	20170102
1000274	1483354327948	10003	搜索商品	{"content": "phone", "page_num": 5}	20170102
1000275	1483340059374	10002	登陆	{}	20170102
1000275	1483333416957	10009	评价商品	{"how": 1}	20170102
1000275	1483329871991	10004	浏览商品	{"brand": "HuaW", "price": 4500}	20170102
1000275	1483337927442	10003	搜索商品	{"content": "phone", "page_num": 2}	20170102
1000275	1483342206439	10005	收藏商品	{}	20170102
1000276	1483346222404	10005	收藏商品	{}	20170102
1000276	1483314052912	10003	搜索商品	{"content": "computer", "page_num": 1}	20170102
1000276	1483289589945	10003	搜索商品	{"content": "phone", "page_num": 2}	20170102
1000276	1483297327173	10002	登陆	{}	20170102
1000276	1483328553883	10006	加入购物车	{}	20170102
1000277	1483341439977	10008	订单付款	{}	20170102
1000277	1483317195316	10007	生成订单	{"price_all": 2500}	20170102
1000277	1483365481325	10004	浏览商品	{"brand": "LianX", "price": 7500}	20170102
1000277	1483352999012	10002	登陆	{}	20170102
1000277	1483292822197	10001	启动	{}	20170102
1000278	1483327980606	10008	订单付款	{}	20170102
1000278	1483321226397	10007	生成订单	{"price_all": 8000}	20170102
1000278	1483300930171	10006	加入购物车	{}	20170102
1000278	1483341582616	10005	收藏商品	{}	20170102
1000278	1483322511804	10003	搜索商品	{"content": "watch", "page_num": 1}	20170102
1000282	1483299823305	10010	退订商品	{}	20170102
1000282	1483355295222	10003	搜索商品	{"content": "computer", "page_num": 2}	20170102
1000282	1483301699375	10001	启动	{}	20170102
1000282	1483348560655	10002	登陆	{}	20170102
1000282	1483287346106	10006	加入购物车	{}	20170102
1000283	1483352400628	10007	生成订单	{"price_all": 6000}	20170102
1000283	1483335038648	10002	登陆	{}	20170102
1000283	1483305728668	10002	登陆	{}	20170102
1000283	1483319360433	10001	启动	{}	20170102
1000283	1483311352986	10004	浏览商品	{"brand": "Apple", "price": 3000}	20170102
1000284	1483362686460	10007	生成订单	{"price_all": 2500}	20170102
1000284	1483299730369	10010	退订商品	{}	20170102
1000284	1483361345300	10001	启动	{}	20170102
1000284	1483349086854	10001	启动	{}	20170102
1000284	1483343515524	10002	登陆	{}	20170102
1000286	1483360285731	10009	评价商品	{"how": 1}	20170102
1000286	1483324125940	10003	搜索商品	{"content": "computer", "page_num": 4}	20170102
1000286	1483349211154	10004	浏览商品	{"brand": "Hair", "price": 9500}	20170102
1000286	1483334058452	10001	启动	{}	20170102
1000286	1483288969896	10003	搜索商品	{"content": "computer", "page_num": 1}	20170102
1000287	1483357636129	10004	浏览商品	{"brand": "LianX", "price": 7500}	20170102
1000287	1483334751326	10009	评价商品	{"how": 0}	20170102
1000287	1483353210256	10003	搜索商品	{"content": "computer", "page_num": 1}	20170102
1000287	1483354617192	10002	登陆	{}	20170102
1000287	1483343088893	10005	收藏商品	{}	20170102
1000288	1483319221902	10004	浏览商品	{"brand": "Hair", "price": 8500}	20170102
1000288	1483338571069	10005	收藏商品	{}	20170102
1000288	1483345230820	10008	订单付款	{}	20170102
1000288	1483311510733	10003	搜索商品	{"content": "Apple", "page_num": 2}	20170102
1000288	1483320241055	10003	搜索商品	{"content": "computer", "page_num": 5}	20170102
1000289	1483316089032	10002	登陆	{}	20170102
1000289	1483334281093	10008	订单付款	{}	20170102
1000289	1483356548047	10005	收藏商品	{}	20170102
1000289	1483357977221	10006	加入购物车	{}	20170102
1000289	1483339471636	10007	生成订单	{"price_all": 4000}	20170102
1000291	1483370940007	10001	启动	{}	20170102
1000291	1483357255624	10003	搜索商品	{"content": "phone", "page_num": 3}	20170102
1000291	1483333267763	10006	加入购物车	{}	20170102
1000291	1483361971678	10001	启动	{}	20170102
1000291	1483326171581	10006	加入购物车	{}	20170102
1000293	1483321832013	10003	搜索商品	{"content": "watch", "page_num": 2}	20170102
1000293	1483362111346	10005	收藏商品	{}	20170102
1000293	1483316638926	10009	评价商品	{"how": -1}	20170102
1000293	1483287733930	10002	登陆	{}	20170102
1000293	1483314095192	10005	收藏商品	{}	20170102
1000294	1483287504083	10001	启动	{}	20170102
1000294	1483354288153	10002	登陆	{}	20170102
1000294	1483353285313	10007	生成订单	{"price_all": 9500}	20170102
1000294	1483294242056	10002	登陆	{}	20170102
1000294	1483320859179	10002	登陆	{}	20170102
1000296	1483348720054	10003	搜索商品	{"content": "phone", "page_num": 2}	20170102
1000296	1483291371153	10002	登陆	{}	20170102
1000296	1483328281511	10001	启动	{}	20170102
1000296	1483366882541	10003	搜索商品	{"content": "computer", "page_num": 1}	20170102
1000296	1483368683530	10003	搜索商品	{"content": "computer", "page_num": 4}	20170102
1000298	1483360105857	10002	登陆	{}	20170102
1000298	1483326674893	10001	启动	{}	20170102
1000298	1483321078466	10002	登陆	{}	20170102
1000298	1483367634896	10002	登陆	{}	20170102
1000298	1483351460506	10001	启动	{}	20170102
1000299	1483371199685	10007	生成订单	{"price_all": 7000}	20170102
1000299	1483326469541	10001	启动	{}	20170102
1000299	1483332362832	10009	评价商品	{"how": 1}	20170102
1000299	1483318965037	10003	搜索商品	{"content": "phone", "page_num": 3}	20170102
1000299	1483304634912	10005	收藏商品	{}	20170102
1000300	1483328670347	10006	加入购物车	{}	20170102
1000300	1483362265420	10001	启动	{}	20170102
1000300	1483370866982	10003	搜索商品	{"content": "phone", "page_num": 5}	20170102
1000300	1483363792000	10006	加入购物车	{}	20170102
1000300	1483344997577	10007	生成订单	{"price_all": 4000}	20170102
1000301	1483300927393	10003	搜索商品	{"content": "Apple", "page_num": 3}	20170102
1000301	1483333658849	10002	登陆	{}	20170102
1000301	1483336385428	10001	启动	{}	20170102
1000301	1483311734882	10010	退订商品	{}	20170102
1000301	1483360238248	10009	评价商品	{"how": -1}	20170102
1000302	1483336182839	10002	登陆	{}	20170102
1000302	1483288382991	10002	登陆	{}	20170102
1000302	1483309496001	10002	登陆	{}	20170102
1000302	1483324818839	10005	收藏商品	{}	20170102
1000302	1483363203033	10003	搜索商品	{"content": "phone", "page_num": 5}	20170102
1000303	1483324357567	10003	搜索商品	{"content": "Apple", "page_num": 1}	20170102
1000303	1483339237363	10002	登陆	{}	20170102
1000303	1483298435846	10002	登陆	{}	20170102
1000303	1483289944884	10002	登陆	{}	20170102
1000303	1483310366965	10002	登陆	{}	20170102
1000305	1483340065239	10004	浏览商品	{"brand": "Hair", "price": 7000}	20170102
1000305	1483369888154	10007	生成订单	{"price_all": 9000}	20170102
1000305	1483370915925	10002	登陆	{}	20170102
1000305	1483324633260	10007	生成订单	{"price_all": 9500}	20170102
1000305	1483308049797	10007	生成订单	{"price_all": 1500}	20170102
1000307	1483301813317	10009	评价商品	{"how": 0}	20170102
1000307	1483328405441	10005	收藏商品	{}	20170102
1000307	1483330987737	10005	收藏商品	{}	20170102
1000307	1483291804258	10003	搜索商品	{"content": "watch", "page_num": 4}	20170102
1000307	1483313202811	10004	浏览商品	{"brand": "HuaW", "price": 9000}	20170102
1000309	1483350045733	10008	订单付款	{}	20170102
1000309	1483342646028	10007	生成订单	{"price_all": 2500}	20170102
1000309	1483321538914	10005	收藏商品	{}	20170102
1000309	1483298199498	10008	订单付款	{}	20170102
1000309	1483363056295	10003	搜索商品	{"content": "watch", "page_num": 4}	20170102
1000310	1483335500377	10002	登陆	{}	20170102
1000310	1483309019407	10006	加入购物车	{}	20170102
1000310	1483295915076	10005	收藏商品	{}	20170102
1000310	1483360372420	10004	浏览商品	{"brand": "HuaW", "price": 6500}	20170102
1000310	1483289700325	10004	浏览商品	{"brand": "LianX", "price": 6000}	20170102
1000313	1483320891054	10006	加入购物车	{}	20170102
1000313	1483320405854	10002	登陆	{}	20170102
1000313	1483347635880	10006	加入购物车	{}	20170102
1000313	1483345771573	10002	登陆	{}	20170102
1000313	1483322473297	10003	搜索商品	{"content": "Apple", "page_num": 3}	20170102
1000319	1483355971140	10003	搜索商品	{"content": "phone", "page_num": 1}	20170102
1000319	1483318914615	10003	搜索商品	{"content": "Apple", "page_num": 3}	20170102
1000319	1483314916973	10001	启动	{}	20170102
1000319	1483319110076	10004	浏览商品	{"brand": "LianX", "price": 8000}	20170102
1000319	1483360250702	10007	生成订单	{"price_all": 9500}	20170102
1000324	1483363618828	10009	评价商品	{"how": 0}	20170102
1000324	1483305870016	10005	收藏商品	{}	20170102
1000324	1483347172544	10006	加入购物车	{}	20170102
1000324	1483356489635	10002	登陆	{}	20170102
1000324	1483327742166	10010	退订商品	{}	20170102
1000325	1483297664500	10001	启动	{}	20170102
1000325	1483317318601	10006	加入购物车	{}	20170102
1000325	1483336951612	10006	加入购物车	{}	20170102
1000325	1483366419181	10004	浏览商品	{"brand": "HuaW", "price": 6000}	20170102
1000325	1483315015050	10005	收藏商品	{}	20170102
1000326	1483363275129	10005	收藏商品	{}	20170102
1000326	1483308817634	10004	浏览商品	{"brand": "LianX", "price": 7000}	20170102
1000326	1483290060611	10008	订单付款	{}	20170102
1000326	1483306189741	10006	加入购物车	{}	20170102
1000326	1483339919359	10005	收藏商品	{}	20170102
1000334	1483318474543	10002	登陆	{}	20170102
1000334	1483305404741	10005	收藏商品	{}	20170102
1000334	1483367534341	10009	评价商品	{"how": 0}	20170102
1000334	1483326424237	10005	收藏商品	{}	20170102
1000334	1483308070208	10003	搜索商品	{"content": "watch", "page_num": 4}	20170102
1000335	1483331644654	10004	浏览商品	{"brand": "LianX", "price": 3500}	20170102
1000335	1483328791001	10008	订单付款	{}	20170102
1000335	1483306915782	10003	搜索商品	{"content": "Apple", "page_num": 1}	20170102
1000335	1483331245617	10001	启动	{}	20170102
1000335	1483330571869	10003	搜索商品	{"content": "Apple", "page_num": 3}	20170102
1000337	1483314616855	10004	浏览商品	{"brand": "HuaW", "price": 1500}	20170102
1000337	1483308413845	10002	登陆	{}	20170102
1000337	1483304165700	10005	收藏商品	{}	20170102
1000337	1483370920483	10001	启动	{}	20170102
1000337	1483307227832	10009	评价商品	{"how": 1}	20170102
1000338	1483331748261	10003	搜索商品	{"content": "computer", "page_num": 3}	20170102
1000338	1483313960199	10003	搜索商品	{"content": "Apple", "page_num": 3}	20170102
1000338	1483300044830	10006	加入购物车	{}	20170102
1000338	1483329171600	10004	浏览商品	{"brand": "Hair", "price": 3000}	20170102
1000338	1483312153245	10005	收藏商品	{}	20170102
1000341	1483315559071	10003	搜索商品	{"content": "computer", "page_num": 1}	20170102
1000341	1483333435395	10003	搜索商品	{"content": "phone", "page_num": 2}	20170102
1000341	1483336761763	10001	启动	{}	20170102
1000341	1483359328370	10002	登陆	{}	20170102
1000341	1483303211019	10003	搜索商品	{"content": "phone", "page_num": 1}	20170102
1000350	1483323486283	10001	启动	{}	20170102
1000350	1483335891153	10006	加入购物车	{}	20170102
1000350	1483292260949	10002	登陆	{}	20170102
1000350	1483351334589	10004	浏览商品	{"brand": "LianX", "price": 6000}	20170102
1000350	1483303849827	10005	收藏商品	{}	20170102
1000351	1483367317916	10005	收藏商品	{}	20170102
1000351	1483350972406	10003	搜索商品	{"content": "computer", "page_num": 1}	20170102
1000351	1483312988935	10003	搜索商品	{"content": "phone", "page_num": 5}	20170102
1000351	1483290595165	10001	启动	{}	20170102
1000351	1483301654367	10003	搜索商品	{"content": "phone", "page_num": 3}	20170102
1000354	1483286883666	10010	退订商品	{}	20170102
1000354	1483300502053	10005	收藏商品	{}	20170102
1000354	1483362294867	10007	生成订单	{"price_all": 1500}	20170102
1000354	1483344792058	10001	启动	{}	20170102
1000354	1483324600139	10005	收藏商品	{}	20170102
1000355	1483327340065	10002	登陆	{}	20170102
1000355	1483290461856	10004	浏览商品	{"brand": "Apple", "price": 4500}	20170102
1000355	1483344482832	10002	登陆	{}	20170102
1000355	1483291693888	10008	订单付款	{}	20170102
1000355	1483359854608	10005	收藏商品	{}	20170102
1000357	1483342462912	10005	收藏商品	{}	20170102
1000357	1483332254535	10007	生成订单	{"price_all": 6500}	20170102
1000357	1483310458003	10002	登陆	{}	20170102
1000357	1483300509611	10006	加入购物车	{}	20170102
1000357	1483291802563	10001	启动	{}	20170102
1000358	1483312024680	10007	生成订单	{"price_all": 2000}	20170102
1000358	1483292650372	10005	收藏商品	{}	20170102
1000358	1483356070307	10004	浏览商品	{"brand": "HuaW", "price": 7000}	20170102
1000358	1483320577027	10005	收藏商品	{}	20170102
1000358	1483317201949	10005	收藏商品	{}	20170102
1000359	1483288006267	10006	加入购物车	{}	20170102
1000359	1483342556086	10008	订单付款	{}	20170102
1000359	1483328870079	10003	搜索商品	{"content": "computer", "page_num": 5}	20170102
1000359	1483324834396	10003	搜索商品	{"content": "computer", "page_num": 2}	20170102
1000359	1483345244780	10003	搜索商品	{"content": "Apple", "page_num": 2}	20170102
1000365	1483327395173	10001	启动	{}	20170102
1000365	1483351193327	10005	收藏商品	{}	20170102
1000365	1483334843982	10005	收藏商品	{}	20170102
1000365	1483364791063	10002	登陆	{}	20170102
1000365	1483354081831	10004	浏览商品	{"brand": "LianX", "price": 7500}	20170102
1000366	1483321769996	10005	收藏商品	{}	20170102
1000366	1483371174979	10007	生成订单	{"price_all": 6000}	20170102
1000366	1483360964931	10005	收藏商品	{}	20170102
1000366	1483301359155	10001	启动	{}	20170102
1000366	1483304881519	10005	收藏商品	{}	20170102
1000368	1483309036405	10002	登陆	{}	20170102
1000368	1483293179038	10007	生成订单	{"price_all": 5000}	20170102
1000368	1483369039885	10002	登陆	{}	20170102
1000368	1483354155754	10002	登陆	{}	20170102
1000368	1483360968762	10003	搜索商品	{"content": "watch", "page_num": 1}	20170102
1000369	1483322679331	10009	评价商品	{"how": 1}	20170102
1000369	1483350960682	10007	生成订单	{"price_all": 3500}	20170102
1000369	1483322140938	10003	搜索商品	{"content": "Apple", "page_num": 3}	20170102
1000369	1483354172724	10002	登陆	{}	20170102
1000369	1483287881520	10004	浏览商品	{"brand": "Apple", "price": 2500}	20170102
1000370	1483363591466	10001	启动	{}	20170102
1000370	1483357914654	10005	收藏商品	{}	20170102
1000370	1483329427074	10003	搜索商品	{"content": "computer", "page_num": 3}	20170102
1000370	1483338736114	10002	登陆	{}	20170102
1000370	1483340271545	10007	生成订单	{"price_all": 9500}	20170102
1000371	1483303465429	10006	加入购物车	{}	20170102
1000371	1483348152297	10001	启动	{}	20170102
1000371	1483317529588	10001	启动	{}	20170102
1000371	1483369294734	10005	收藏商品	{}	20170102
1000371	1483318093059	10005	收藏商品	{}	20170102
1000372	1483353453188	10006	加入购物车	{}	20170102
1000372	1483331258018	10003	搜索商品	{"content": "computer", "page_num": 3}	20170102
1000372	1483335268328	10008	订单付款	{}	20170102
1000372	1483367699399	10008	订单付款	{}	20170102
1000372	1483351622302	10004	浏览商品	{"brand": "Apple", "price": 6500}	20170102
1000374	1483288296723	10001	启动	{}	20170102
1000374	1483350520934	10001	启动	{}	20170102
1000374	1483341117337	10003	搜索商品	{"content": "phone", "page_num": 5}	20170102
1000374	1483304133177	10007	生成订单	{"price_all": 8500}	20170102
1000374	1483370609971	10005	收藏商品	{}	20170102
1000376	1483306911648	10001	启动	{}	20170102
1000376	1483312266636	10006	加入购物车	{}	20170102
1000376	1483318235510	10001	启动	{}	20170102
1000376	1483289695308	10005	收藏商品	{}	20170102
1000376	1483325713617	10007	生成订单	{"price_all": 2500}	20170102
1000380	1483311171762	10003	搜索商品	{"content": "computer", "page_num": 3}	20170102
1000380	1483330068517	10004	浏览商品	{"brand": "Apple", "price": 6500}	20170102
1000380	1483293803799	10004	浏览商品	{"brand": "HuaW", "price": 6000}	20170102
1000380	1483360847032	10002	登陆	{}	20170102
1000380	1483338347368	10004	浏览商品	{"brand": "HuaW", "price": 3000}	20170102
1000382	1483330609790	10001	启动	{}	20170102
1000382	1483367349136	10005	收藏商品	{}	20170102
1000382	1483293821833	10004	浏览商品	{"brand": "Hair", "price": 2500}	20170102
1000382	1483334852708	10001	启动	{}	20170102
1000382	1483310492753	10002	登陆	{}	20170102
1000384	1483315067076	10009	评价商品	{"how": 1}	20170102
1000384	1483367373958	10006	加入购物车	{}	20170102
1000384	1483290435860	10001	启动	{}	20170102
1000384	1483327422308	10004	浏览商品	{"brand": "LianX", "price": 8000}	20170102
1000384	1483310255316	10004	浏览商品	{"brand": "Hair", "price": 1500}	20170102
1000390	1483371018433	10006	加入购物车	{}	20170102
1000390	1483301629267	10003	搜索商品	{"content": "Apple", "page_num": 4}	20170102
1000390	1483303499991	10003	搜索商品	{"content": "computer", "page_num": 1}	20170102
1000390	1483334782502	10001	启动	{}	20170102
1000390	1483339398845	10005	收藏商品	{}	20170102
1000392	1483370493413	10001	启动	{}	20170102
1000392	1483334628071	10007	生成订单	{"price_all": 1000}	20170102
1000392	1483304068984	10001	启动	{}	20170102
1000392	1483322688580	10004	浏览商品	{"brand": "LianX", "price": 1500}	20170102
1000392	1483370110509	10006	加入购物车	{}	20170102
1000394	1483351718237	10007	生成订单	{"price_all": 2000}	20170102
1000394	1483369181545	10001	启动	{}	20170102
1000394	1483366431474	10001	启动	{}	20170102
1000394	1483330057052	10008	订单付款	{}	20170102
1000394	1483347179051	10004	浏览商品	{"brand": "LianX", "price": 1500}	20170102
1000395	1483318380720	10003	搜索商品	{"content": "computer", "page_num": 1}	20170102
1000395	1483348048415	10002	登陆	{}	20170102
1000395	1483372638612	10001	启动	{}	20170102
1000395	1483314002205	10004	浏览商品	{"brand": "LianX", "price": 5000}	20170102
1000395	1483335187021	10005	收藏商品	{}	20170102
1000398	1483312375749	10007	生成订单	{"price_all": 2000}	20170102
1000398	1483318039421	10003	搜索商品	{"content": "watch", "page_num": 3}	20170102
1000398	1483369433520	10001	启动	{}	20170102
1000398	1483316151616	10004	浏览商品	{"brand": "Apple", "price": 4500}	20170102
1000398	1483306666869	10003	搜索商品	{"content": "watch", "page_num": 4}	20170102
1000399	1483336707628	10005	收藏商品	{}	20170102
1000399	1483334493353	10001	启动	{}	20170102
1000399	1483361631475	10001	启动	{}	20170102
1000399	1483330821855	10006	加入购物车	{}	20170102
1000399	1483347358763	10007	生成订单	{"price_all": 5500}	20170102
1000400	1483327808354	10005	收藏商品	{}	20170102
1000400	1483303092399	10001	启动	{}	20170102
1000400	1483347829853	10002	登陆	{}	20170102
1000400	1483332762613	10001	启动	{}	20170102
1000400	1483354147314	10008	订单付款	{}	20170102
1000403	1483295849119	10006	加入购物车	{}	20170102
1000403	1483353505394	10006	加入购物车	{}	20170102
1000403	1483286999061	10006	加入购物车	{}	20170102
1000403	1483338634371	10003	搜索商品	{"content": "watch", "page_num": 5}	20170102
1000403	1483363730146	10003	搜索商品	{"content": "computer", "page_num": 4}	20170102
1000404	1483366722534	10003	搜索商品	{"content": "phone", "page_num": 3}	20170102
1000404	1483330870398	10009	评价商品	{"how": 1}	20170102
1000404	1483350199456	10003	搜索商品	{"content": "watch", "page_num": 3}	20170102
1000404	1483336031690	10001	启动	{}	20170102
1000404	1483348991532	10007	生成订单	{"price_all": 8000}	20170102
1000409	1483367184032	10004	浏览商品	{"brand": "LianX", "price": 7500}	20170102
1000409	1483365153806	10002	登陆	{}	20170102
1000409	1483304031350	10003	搜索商品	{"content": "watch", "page_num": 3}	20170102
1000409	1483367159787	10001	启动	{}	20170102
1000409	1483350019723	10005	收藏商品	{}	20170102
1000413	1483372207903	10001	启动	{}	20170102
1000413	1483315488712	10006	加入购物车	{}	20170102
1000413	1483321257685	10002	登陆	{}	20170102
1000413	1483294361488	10008	订单付款	{}	20170102
1000413	1483362507746	10008	订单付款	{}	20170102
1000414	1483367806785	10005	收藏商品	{}	20170102
1000414	1483321194309	10001	启动	{}	20170102
1000414	1483331616250	10005	收藏商品	{}	20170102
1000414	1483314389124	10002	登陆	{}	20170102
1000414	1483329090389	10001	启动	{}	20170102
1000417	1483289287417	10003	搜索商品	{"content": "watch", "page_num": 2}	20170102
1000417	1483313722163	10004	浏览商品	{"brand": "Apple", "price": 8500}	20170102
1000417	1483314952931	10003	搜索商品	{"content": "computer", "page_num": 5}	20170102
1000417	1483323236209	10003	搜索商品	{"content": "watch", "page_num": 5}	20170102
1000417	1483338338318	10004	浏览商品	{"brand": "Hair", "price": 1500}	20170102